PartitionKey;RowKey;Name;Status;VinmonopoletId;Vintage;Type;Producer;Country;Area;Fruit;Price;Storage;BoughtDate;VinmonopoletUrl;ConsumptionDate;Note;Occation
IngridAnders;01f01b7f-80c3-4fa1-af28-4aaf01e72449;Ch. Malescasse 2010;instock;3702801;2010;Rødvin;Ch. Malescasse;Frankrike;Bordeaux;Cabernet Sauvignon 45%, Merlot 45%, Cabernet Franc 6%, Petit Verdot 4%;259,9;FALSE;5/23/2017 12:00:00 AM;http://www.vinmonopolet.no/vareutvalg/varedetaljer/sku-3702801;;;
IngridAnders;02074a97-2fc8-47e8-aa6a-57d6de1f5eb1;Pétalos 2013;archive;5924601;2014;Rødvin;Des. de J. Palacios;Spania;Castilla y León;Mencia;240;FALSE;7/16/2017 12:00:00 AM;http://www.vinmonopolet.no/vareutvalg/varedetaljer/sku-5924601;8/23/2017 12:00:00 AM;Ødelagt;Vinklubb
IngridAnders;07c4c473-1e4c-4f38-b545-c5f2938fd762;Pol Roger 2008 Brut;instock;256101;2008;Champagne;Pol Roger;Frankrike;Champagne;Pinot Noir 60%, Chardonnay 40%;489;TRUE;3/17/2017 12:00:00 AM;http://www.vinmonopolet.no/vareutvalg/varedetaljer/sku-256101;;;
IngridAnders;09580ed1-7491-446d-96dc-8dce4e4f6a7f;Gustave Lorentz Riesling Réserve 2015;archive;5823701;2015;Hvitvin;Gustave Lorentz;Frankrike;Alsace;Riesling;149,9;FALSE;5/20/2017 12:00:00 AM;http://www.vinmonopolet.no/vareutvalg/varedetaljer/sku-5823701;7/16/2017 12:00:00 AM;;Reker i Arendal
IngridAnders;099c6ae9-2108-440c-a461-0cd9067fbeab;Muscadet Sevre et Main 2015;instock;;2015;Hvitvin;Louis Métaireau;Frankrike;Loire;Melon de Bourgogne 100%;167;TRUE;06/04/2017 00:00;;;;
IngridAnders;0d4c0a28-4ab5-4f56-ae97-824bce7ce30b;Principiano Langhe Rosso 2015;archive;5669701;2015;Rødvin;Ferdinando Principiano;Italia;Piemonte;Barbera 50%, Dolcetto 30%, Nebbiolo 20%;159,9;FALSE;;http://www.vinmonopolet.no/vareutvalg/varedetaljer/sku-5669701;;;Pizza
IngridAnders;15470534-2de8-4c5e-b9f0-ba6ea2a94789;Guigal Crozes Hermitage 2013;instock;4582301;2013;Rødvin;E. Guigal;Frankrike;Rhône Nord;Syrah 100%;232;TRUE;4/17/2017 12:00:00 AM;http://www.vinmonopolet.no/vareutvalg/varedetaljer/sku-4582301;;;
IngridAnders;15857125-9143-404f-974e-dd0724228429;Le G de Château Guiraud 2015;instock;9773901;2015;Hvitvin;Ch. Guiraud;Frankrike;Bordeaux;Sauvignon Blanc 50%, Sémillon 50%;169,9;FALSE;1/17/2017 12:00:00 AM;http://www.vinmonopolet.no/vareutvalg/varedetaljer/sku-9773901;;;
IngridAnders;1a448a83-34bc-4e9e-b6a3-8d09174b4ad9;Henriot Brut Souverain;archive;5701001;;Champagne;Henriot;Frankrike;Champagne;Pinot Noir 60%, Chardonnay 40%;379,9;FALSE;7/16/2017 12:00:00 AM;http://www.vinmonopolet.no/vareutvalg/varedetaljer/sku-5701001;7/24/2017 12:00:00 AM;;Kragerø
IngridAnders;27970091-c331-41d8-a30b-9f66e891938e;Jean-Paul Brun Beaujolais L´Ancien 2015;archive;5077101;2015;Rødvin;Jean-Paul Brun;Frankrike;Burgund;Gamay 100%;179,9;FALSE;3/17/2017 12:00:00 AM;http://www.vinmonopolet.no/vareutvalg/varedetaljer/sku-5077101;5/21/2017 12:00:00 AM;;
IngridAnders;28a1a509-a378-44ab-aac9-086736f2d39c;Dom. Bergeron Juliénas Réserve de Noëlle 2013;shoppinglist;6866901;2013;Rødvin;Domaine Bergeron;Frankrike;Burgund;Gamay 100%;184;FALSE;5/31/2017 12:00:00 AM;http://www.vinmonopolet.no/vareutvalg/varedetaljer/sku-6866901;;;
IngridAnders;290de07a-4bcd-436c-ba9b-15a7b3bea8ca;Muscadet Sevre et Main 2015;instock;;2015;Hvitvin;Louis Métaireau;Frankrike;Loire;Melon de Bourgogne 100%;167;TRUE;06/04/2017 00:00;;;;
IngridAnders;2b4ac756-2eab-4841-9b7c-da9c07957f86;Matua Marlborough Pinot Noir 2015;archive;8053901;2015;Rødvin;Matua Wines;New Zealand;Marlborough;Pinot Noir 100%;144,9;FALSE;2/17/2017 12:00:00 AM;http://www.vinmonopolet.no/vareutvalg/varedetaljer/sku-8053901;;;Skravlevin
IngridAnders;2d245f4c-983c-4143-9b6d-b6cd8c8f3069;Barbaresco Monstestefano;instock;;2011;Rødvin;Produttori del Barbaresco;Italia;Piemonte  Barbaresco;Nebbiolo;449;TRUE;2/16/2016 12:00:00 AM;;;;
IngridAnders;2fe48f43-9395-41a7-ac9a-6278c16e787d;Alodia Orache 2014;archive;2034101;2014;Rødvin;Bod. Alodia;Spania;Somontano;Moristel 70%, Syrah 30%;109,9;FALSE;4/17/2017 12:00:00 AM;http://www.vinmonopolet.no/vareutvalg/varedetaljer/sku-2034101;8/23/2017 12:00:00 AM;Fruktig, mørke bær;Vinklubb
IngridAnders;30ee1751-f724-4c68-8c52-dfc32819fe23;Baron de Ley Reserva 2011;archive;3455001;2011;Rødvin;Baron de Ley;Spania;Rioja;Tempranillo 90%, Cabernet Sauvignon 10%;169,5;FALSE;Jun-16;http://www.vinmonopolet.no/vareutvalg/varedetaljer/sku-3455001;;;Helgekos
IngridAnders;31f715ca-6dc8-441c-b504-c0af45f599cc;Juvé y Camps Reserva de la Familia Gran Reserva Brut Nature 2011/2012;archive;5337501;2012;Musserende vin;Juve y Camps;Spania;Øvrige;Xarel·lo 40%, Macabeo 30%, Parellada 20%, Chardonnay 10%;179,9;FALSE;;http://www.vinmonopolet.no/vareutvalg/varedetaljer/sku-5337501;;;Jentetur Arendal
IngridAnders;325ebae9-1e99-42ef-b0d9-692b23d3cfb2;Pol Roger 2008 Brut;instock;256101;2008;Champagne;Pol Roger;Frankrike;Champagne;Pinot Noir 60%, Chardonnay 40%;489;TRUE;3/17/2017 12:00:00 AM;http://www.vinmonopolet.no/vareutvalg/varedetaljer/sku-256101;;;
IngridAnders;333c74e3-4431-41ed-a066-8e576e515027;Alodia Orache 2014;instock;2034101;2014;Rødvin;Bod. Alodia;Spania;Somontano;Moristel 70%, Syrah 30%;109,9;FALSE;4/17/2017 12:00:00 AM;http://www.vinmonopolet.no/vareutvalg/varedetaljer/sku-2034101;;;
IngridAnders;35b82464-6a62-43f1-89de-0f5ac3b1ff56;Ch. Cantemerle 2012;instock;1946201;2012;Rødvin;Ch. Cantemerle;Frankrike;Bordeaux;Cabernet Sauvignon 56%, Merlot 36%, Petit Verdot 6%, Cabernet Franc 2%;359;TRUE;1/17/2017 12:00:00 AM;http://www.vinmonopolet.no/vareutvalg/varedetaljer/sku-1946201;;;
IngridAnders;35bf7b42-ff0f-42e3-923d-c06b91a82e74;Carmes de Rieussec  Sauternes;instock;;2014;Hvit;Chateau Rieussec;Frankrike;Bordeaux  Sauternes;Sauvignon blanc  semilion;250;FALSE;3/16/2016 12:00:00 AM;;;;
IngridAnders;3767ac0e-58e3-4e60-beec-7a26b096dde1;Masi nectar campofiorin;archive;;2012;Rødvin;Masi agr;Italia;Veneto;Rondinella 25%  Corvina 70%  Molinara 5%;200;FALSE;Jan-17;;05/11/2017 00:00;;
IngridAnders;3eb14908-664d-44c4-b5cc-cd72d6d2ac04;Charles de Fère Cuvée Jean-Louis Blanc de Blancs Brut;archive;1551801;;Musserende vin;Charles de Fères;Frankrike;Øvrige;Chardonnay 100%;109,9;FALSE;;http://www.vinmonopolet.no/vareutvalg/varedetaljer/sku-1551801;;;Aperitif juleverksted
IngridAnders;433019e8-d5c9-4a02-9c98-8addc2900e92;Jean-Paul Brun Beaujolais L´Ancien 2015;archive;5077101;2015;Rødvin;Jean-Paul Brun;Frankrike;Burgund;Gamay 100%;179,9;FALSE;3/17/2017 12:00:00 AM;http://www.vinmonopolet.no/vareutvalg/varedetaljer/sku-5077101;6/24/2017 12:00:00 AM;saftig, preg av røde bær;til pizza hjemme
IngridAnders;43636588-740d-4429-b8e1-37925b556288;Cottini Valpolicella Ripasso 2014;archive;3017201;2014;Rødvin;Agr. Cottini;Italia;Veneto;Corvina 45%, Corvinone 28%, Rondinella 25%, Molinara 2%;214,9;FALSE;;http://www.vinmonopolet.no/vareutvalg/varedetaljer/sku-3017201;;;Nyttårsaften
IngridAnders;44d01c9a-0db5-4bff-97fd-a4c26f288634;Fürst Pur Mineral Silvaner Trocken 2015;shoppinglist;6986001;2015;Hvitvin;Rudolf Fürst;Tyskland;Franken;Silvaner 100%;179,9;FALSE;7/15/2017 12:00:00 AM;http://www.vinmonopolet.no/vareutvalg/varedetaljer/sku-6986001;;;
IngridAnders;480354b9-d2f1-46ea-ac5b-ab6eb6eae60b;Anna Spinato Prosecco Brut;archive;9118001;;Musserende vin;Az. Vin. Anna Spinato;Italia;Prosecco;Glera;124,9;FALSE;;http://www.vinmonopolet.no/vareutvalg/varedetaljer/sku-9118001;;;Middag med J/C
IngridAnders;4c78e62f-401f-45b2-bd7f-08919e9468a6;Cavallotto Barolo Bricco Boschis 2011;instock;768401;2011;Rødvin;Cavallotto;Italia;Piemonte;Nebbiolo 100%;436;TRUE;5/19/2017 12:00:00 AM;http://www.vinmonopolet.no/vareutvalg/varedetaljer/sku-768401;;;
IngridAnders;4f4f0efa-14fd-4ff7-83da-e374ac3c077b;Cline Sonoma Coast Pinot Noir 2015;archive;3569501;2015;Rødvin;Cline;USA;California;Pinot Noir 100%;179,9;FALSE;;http://www.vinmonopolet.no/vareutvalg/varedetaljer/sku-3569501;;;Pinnekjøtt
IngridAnders;4fed9f8c-526d-4bfa-ba98-f55e2cd6bf7b;Travaglini Gattinara 2011;archive;4766401;2011;Rødvin;Giancarlo Travaglini;Italia;Piemonte;Nebbiolo 100%;229,9;FALSE;12/01/2016 00:00;http://www.vinmonopolet.no/vareutvalg/varedetaljer/sku-4766401;6/21/2017 12:00:00 AM;;Til andebryst 
IngridAnders;53df9c1f-f9e9-4f1f-8cbe-cb1cf7b725ff;Markus Molitor Ürziger Würzgarten Riesling Spätlese Tørr 2015;instock;7267201;2015;Hvitvin;Weing. Markus Molitor;Tyskland;Mosel;Riesling 100%;220;FALSE;03/01/2017 00:00;http://www.vinmonopolet.no/vareutvalg/varedetaljer/sku-7267201;;;
IngridAnders;5819921d-26d7-4e92-8800-49e369e3a004;Palmer & Co Vintage Brut 2008;instock;;2008;Musserende vin;Palmer;Frankrike;Champagne;;329;FALSE;8/23/2017 12:00:00 AM;;;;
IngridAnders;5c28e2d3-1fc1-4f36-8742-e0d875d70e9f;Rolet Côtes du Jura La dent de Charnet Chardonnay 2015;archive;2221001;2015;Hvitvin;Dom. Rolet et Flls;Frankrike;Jura;Chardonnay 100%;199,9;FALSE;6/16/2017 12:00:00 AM;http://www.vinmonopolet.no/vareutvalg/varedetaljer/sku-2221001;6/24/2017 12:00:00 AM;Modne epler, mineraler, nøtt. Lukter smør;Kylling
IngridAnders;5eb014ff-459a-4c31-89d1-b89072db1aea;Dom. de Sulauze Pomponette Rosé 2016;archive;496601;2016;Rosévin;Dom. de Sulauze;Frankrike;Provence;Grenache 60%, Cinsault 15%, Syrah 10%, Vermentino 10%, Mourvèdre 5%;162,9;FALSE;Apr-17;http://www.vinmonopolet.no/vareutvalg/varedetaljer/sku-496601;5/27/2017 12:00:00 AM;;Grilling og skravling i hagen
IngridAnders;60a253a7-b9b5-4d6d-a578-5fa60b7091cc;Guigal Crozes Hermitage 2013;archive;4582301;2013;Rødvin;E. Guigal;Frankrike;Rhône Nord;Syrah 100%;232;TRUE;Jun-16;http://www.vinmonopolet.no/vareutvalg/varedetaljer/sku-4582301;;;Til andeconfit
IngridAnders;62b4ea67-f5b1-4075-84fd-454701c61fe7;Heidi Schröck Rosé Biscaya 2015;instock;3980901;2015;Rosévin;Weing. Heidi Schröck;Østerrike;Burgenland;Merlot 30%, Cabernet Sauvignon 30%, Pinot Noir 25% 15%;164,9;FALSE;7/24/2017 12:00:00 AM;http://www.vinmonopolet.no/vareutvalg/varedetaljer/sku-3980901;;;
IngridAnders;6545eeae-0f39-468f-8d3a-d186b5aa5652;Musar Jeune 2013;instock;5892201;2013;Rødvin;Ch. Musar;Libanon;Bekaa Valley;Cinsault 60%, Syrah 20%, Cabernet Sauvignon 20%;179,9;FALSE;7/15/2017 12:00:00 AM;http://www.vinmonopolet.no/vareutvalg/varedetaljer/sku-5892201;;;
IngridAnders;65f70fa8-b0f3-4345-b512-64e947e01a1d;Palmer & Co Vintage Brut 2008;instock;;2008;Musserende vin;Palmer;Frankrike;Champagne;;329;FALSE;8/23/2017 12:00:00 AM;;;;
IngridAnders;67ac5318-7a48-4886-b68d-689d350a0218;Ch. Malescasse 2003;instock;7274901;2003;Rødvin;Ch. Malescasse;Frankrike;Bordeaux;Cabernet Sauvignon 56%, Merlot 30%, Cabernet Franc 10%, Petit Verdot 4%;220;TRUE;06/02/2017 00:00;http://www.vinmonopolet.no/vareutvalg/varedetaljer/sku-7274901;;;
IngridAnders;6bd83765-d14d-404a-b82a-6440c7f3f1a0;Henri Bourgeois Petit Bourgeois Sauvignon 2016;archive;3317301;2016;Hvitvin;Dom. Henri Bourgeois;Frankrike;Loire;Sauvignon Blanc 100%;149,9;FALSE;Mar-17;http://www.vinmonopolet.no/vareutvalg/varedetaljer/sku-3317301;;;Reker
IngridAnders;6c848566-168a-45ee-aa08-b1e2135ed405;Le G de Château Guiraud 2015;archive;9773901;2015;Hvitvin;Ch. Guiraud;Frankrike;Bordeaux;Sauvignon Blanc 50%, Sémillon 50%;169,9;FALSE;Dec-16;http://www.vinmonopolet.no/vareutvalg/varedetaljer/sku-9773901;;;Skrei
IngridAnders;6e65335d-6bad-4e65-bd27-e96e9c91ab6a;Gonet-Medeville Premier Cru Blanc de Noirs Brut;archive;6693501;;Champagne;Gonet-Médeville;Frankrike;Champagne;Pinot Noir 100%;314,9;FALSE;5/13/2017 12:00:00 AM;http://www.vinmonopolet.no/vareutvalg/varedetaljer/sku-6693501;5/18/2017 12:00:00 AM;;
IngridAnders;6f58d662-9550-452a-a80d-673e2416fdf4;Guigal Crozes Hermitage 2013;instock;4582301;2013;Rødvin;E. Guigal;Frankrike;Rhône Nord;Syrah 100%;232;TRUE;4/14/2017 12:00:00 AM;http://www.vinmonopolet.no/vareutvalg/varedetaljer/sku-4582301;;;
IngridAnders;70f4fbd3-ed4f-4560-92e5-d9ba0e28baf2;Pol Roger 2008 Brut;instock;256101;2008;Champagne;Pol Roger;Frankrike;Champagne;Pinot Noir 60%, Chardonnay 40%;489;TRUE;03/01/2017 00:00;http://www.vinmonopolet.no/vareutvalg/varedetaljer/sku-256101;;;
IngridAnders;71f91119-7b0f-458f-be65-e9aff8767da5;Markus Molitor Ürziger Würzgarten Riesling Spätlese Tørr 2015;instock;7267201;2015;Hvitvin;Weing. Markus Molitor;Tyskland;Mosel;Riesling 100%;220;FALSE;03/01/2017 00:00;http://www.vinmonopolet.no/vareutvalg/varedetaljer/sku-7267201;;;
IngridAnders;7309bb14-6831-4869-a11e-3a16a23b720f;Veuve Clicquot, Sec;archive;88201;;Champagne, sec;Veuve Clicquot Ponsardin;Frankrike;Champagne;Pinot Noir 84%, Chardonnay 16%;424,9;FALSE;;http://www.vinmonopolet.no/vareutvalg/varedetaljer/sku-88201;;;Innflytting leil
IngridAnders;76160dc1-7027-4748-bad8-5152343e919d;Laroche Chablis 2013/2015;instock;668001;;Hvitvin;Michel Laroche;Frankrike;Burgund;Chardonnay 100%;189,9;FALSE;05/01/2016 00:00;http://www.vinmonopolet.no/vareutvalg/varedetaljer/sku-668001;;;
IngridAnders;76fad765-b79f-4f68-a51e-f6c111aa75a4;Mouton Cadet Réserve Sauternes 2014;archive;85102;2014;Hvitvin;Baron Philippe de Rothschild;Frankrike;Bordeaux;Sémillon 80%, Sauvignon Blanc 15%, Muscadelle 5%;122,5;FALSE;;http://www.vinmonopolet.no/vareutvalg/varedetaljer/sku-85102;;;Blåmugg
IngridAnders;7acee06f-619c-4557-8e6e-02c7e01a0664;Some Young Punks Passion has Red Lips 2014;instock;180301;2014;Rødvin;Some Young Punks;Australia;South Australia;Shiraz, Cabernet Sauvignon;214,9;FALSE;8/13/2017 12:00:00 AM;http://www.vinmonopolet.no/vareutvalg/varedetaljer/sku-180301;;;
IngridAnders;7df27b47-dd75-4515-85ae-9bd4d290f459;Alodia Orache 2014;archive;2034101;2014;Rødvin;Bod. Alodia;Spania;Somontano;Moristel 70%, Syrah 30%;109,9;FALSE;Feb-17;http://www.vinmonopolet.no/vareutvalg/varedetaljer/sku-2034101;;;Helgekos
IngridAnders;7eb8a41c-a256-4445-a3d9-371c7f0c0ee2;Louis Jadot Bourgogne Convent des Jacobins Chardonnay 2015;instock;4570805;2015;Hvitvin;Maison Louis Jadot;Frankrike;Burgund;Chardonnay 100%;380,3;FALSE;5/20/2017 12:00:00 AM;http://www.vinmonopolet.no/vareutvalg/varedetaljer/sku-4570805;;;
IngridAnders;8412f0b6-e460-4c0a-b768-8814a1188fe2;Innocent Bystander Victoria Moscato 2016;archive;117901;2016;Perlende vin, rosé;Innocent Bystander;Australia;Victoria;Moscato 100%;139,9;FALSE;04/01/2017 00:00;http://www.vinmonopolet.no/vareutvalg/varedetaljer/sku-117901;7/15/2017 12:00:00 AM;Kunstig smak, drops ;Kragerø 
IngridAnders;857e19b1-7951-470f-98e1-b9f091557b0e;Gunderloch Rothenberg Riesling GG 2015;instock;;2015;Hvitvin;Gunderloch;Tyskland;Rheinhessen;Riesling;389;TRUE;6/16/2017 12:00:00 AM;;;;
IngridAnders;859c902d-6423-4c14-b561-6f986d5320aa;Poiron Dabin Ch. Thébaud Muscadet Sèvre et Maine Clos des Tabardières 2010;instock;7402501;2010;Hvitvin;Domaine Poiron Dabin;Frankrike;Loire;Muscadet (Melon de Bourgogne) 100%;184,4;FALSE;05/07/2017 00:00;http://www.vinmonopolet.no/vareutvalg/varedetaljer/sku-7402501;;;
IngridAnders;8ab19897-8afd-412e-9818-be66918357ae;Montecillo Gran Reserva 2008;archive;753601;2008;Rødvin;Bod. Montecillo;Spania;Rioja;Tempranillo 100%;229,9;FALSE;Jan-17;http://www.vinmonopolet.no/vareutvalg/varedetaljer/sku-753601;;;Lammestek
IngridAnders;8de3770c-d892-49f3-8c17-5747043e5786;Ch. Malescasse 2003;instock;7274901;2003;Rødvin;Ch. Malescasse;Frankrike;Bordeaux;Cabernet Sauvignon 56%, Merlot 30%, Cabernet Franc 10%, Petit Verdot 4%;220;FALSE;5/30/2017 12:00:00 AM;http://www.vinmonopolet.no/vareutvalg/varedetaljer/sku-7274901;;;
IngridAnders;92496f5e-c5f3-4b7c-bc19-e7569bf368d2;Tommasi Valpolicella Classico Superiore Ripasso 2014;instock;4176601;2014;Rødvin;Tommasi;Italia;Veneto;Corvina 70%, Rondinella 20%, Molinara 10%;200;FALSE;01/01/2017 00:00;http://www.vinmonopolet.no/vareutvalg/varedetaljer/sku-4176601;;;
IngridAnders;933cda6c-4503-4770-aec9-470509528930;Delorme Cremant de Bourgogne Blanc de Noirs Brut 2014/2015;archive;9099801;2015;Musserende vin;Andre Delorme;Frankrike;Burgund;Pinot Noir 100%;167,9;FALSE;04/01/2017 00:00;http://www.vinmonopolet.no/vareutvalg/varedetaljer/sku-9099801;7/15/2017 12:00:00 AM;;Kragerø 
IngridAnders;9ae54538-e6be-4eca-be1b-493f704b398e;Gunderloch Rothenberg Riesling GG 2015;instock;;2015;Hvitvin;Gunderloch;Tyskland;Rheinhessen;Riesling;389;TRUE;6/16/2017 12:00:00 AM;;;;
IngridAnders;9b400d80-2a85-4261-b056-c29f913620a6;A.A. Badenhorst Secateurs Chenin Blanc 2016;instock;1695701;2016;Hvitvin;A.A. Badenhorst Family Wines;Sør-Afrika;Coastal Region;Chenin Blanc 100%;164,9;FALSE;7/15/2017 12:00:00 AM;http://www.vinmonopolet.no/vareutvalg/varedetaljer/sku-1695701;;;
IngridAnders;9c83eb40-2426-408c-8883-a5707dab7a3e;Dom. de Sulauze Pomponette Rosé 2016;instock;496601;2016;Rosévin;Dom. de Sulauze;Frankrike;Provence;Grenache 60%, Cinsault 15%, Syrah 10%, Vermentino 10%, Mourvèdre 5%;162,9;FALSE;04/01/2017 00:00;http://www.vinmonopolet.no/vareutvalg/varedetaljer/sku-496601;;;
IngridAnders;9e37a506-3595-4467-9237-bef545c63394;Gunderloch Nackenheim Rothenberg Riesling GG 2011;instock;515801;2011;Hvitvin;Gunderloch;Tyskland;Rheinhessen;Riesling 100%;299,9;TRUE;02/01/2017 00:00;http://www.vinmonopolet.no/vareutvalg/varedetaljer/sku-515801;;;
IngridAnders;9ef1b04b-6a8f-4809-aee3-a76018b71a9e;Markus Molitor Riesling Trocken 2015;archive;4470501;2015;Hvitvin;Weing. Markus Molitor;Tyskland;Mosel;Riesling 100%;160;FALSE;11/01/2016 00:00;http://www.vinmonopolet.no/vareutvalg/varedetaljer/sku-4470501;7/15/2017 12:00:00 AM;;Kylling middagen
IngridAnders;a07ce4a8-ba14-4e9f-b895-558e4791dc9a;Gunderloch Rothenberg Riesling GG 2015;instock;;2015;Hvitvin;Gunderloch;Tyskland;Rheinhessen;Riesling;389;TRUE;6/16/2017 12:00:00 AM;;;;
IngridAnders;a14e9a3b-436e-4f4f-956b-916cb8cd48c2;Ch. Malescasse 2003;instock;7274901;2003;Rødvin;Ch. Malescasse;Frankrike;Bordeaux;Cabernet Sauvignon 56%, Merlot 30%, Cabernet Franc 10%, Petit Verdot 4%;220;FALSE;5/23/2017 12:00:00 AM;http://www.vinmonopolet.no/vareutvalg/varedetaljer/sku-7274901;;;
IngridAnders;a22c7323-7a57-4ed2-9e4b-037edc5240ae;Veuve Clicquot Vintage Reserve 2008, Brut;instock;3102101;2008;Champagne;Veuve Clicquot Ponsardin;Frankrike;Champagne;Pinot Noir 56%, Chardonnay 33%, Pinot Meunier 11%;579,9;TRUE;6/21/2017 12:00:00 AM;http://www.vinmonopolet.no/vareutvalg/varedetaljer/sku-3102101;;;
IngridAnders;a260fb15-2e75-4028-acb9-0cd152aa4dd1;Terrazas Altos del Plata Malbec 2014;archive;4445101;2014;Rødvin;Terrazas de Los Andes;Argentina;Mendoza;Malbec 100%;169,9;FALSE;Jan-17;http://www.vinmonopolet.no/vareutvalg/varedetaljer/sku-4445101;;;Biff&bernaise
IngridAnders;a5c4b6a4-b0ca-4821-b86b-f05c9b282cd6;Ch. Musar 2009;shoppinglist;1005301;2009;Rødvin;Ch. Musar;Libanon;Bekaa Valley;Cabernet Sauvignon 33%, Cinsault 33%, Carignan 33%;319,9;FALSE;5/28/2017 12:00:00 AM;http://www.vinmonopolet.no/vareutvalg/varedetaljer/sku-1005301;;;
IngridAnders;a8bc57e7-2348-49d2-8fec-da11ce8eb974;Muscadet Sevret et Main 2010;archive;;2010;Hvitvin;Louis Métaireau;Frankrike;Loire;Melon de Bourgogne 100%;187;TRUE;06/04/2017 00:00;;7/24/2017 12:00:00 AM;Modne epler, kremete, honning ;Grilling 
IngridAnders;b12a5b9b-5054-422c-b471-be63e069a58f;Veuve Clicquot Vintage Reserve 2008, Brut;shoppinglist;3102101;2008;Champagne;Veuve Clicquot Ponsardin;Frankrike;Champagne;Pinot Noir 56%, Chardonnay 33%, Pinot Meunier 11%;579,9;FALSE;6/14/2017 12:00:00 AM;http://www.vinmonopolet.no/vareutvalg/varedetaljer/sku-3102101;;;
IngridAnders;b134df2e-e5b5-472e-bd52-148fa5972afc;Gunderloch Nackenheim Rothenberg Riesling GG 2011;instock;515801;2011;Hvitvin;Gunderloch;Tyskland;Rheinhessen;Riesling 100%;299,9;TRUE;02/01/2017 00:00;http://www.vinmonopolet.no/vareutvalg/varedetaljer/sku-515801;;;
IngridAnders;b260be39-bc0f-4bd6-8972-65fe540de5a3;Markus Molitor Zeltinger Sonnenuhr Riesling Spätlese Tørr 2015;archive;7265501;2015;Hvitvin;Weing. Markus Molitor;Tyskland;Mosel-Saar-Ruwer;Riesling 100%;224,9;FALSE;Mar-17;http://www.vinmonopolet.no/vareutvalg/varedetaljer/sku-7265501;;;KAmskjell
IngridAnders;b2a65c6c-c681-4579-9323-e7547038402c;Montecillo Gran Reserva 2008;instock;753601;2008;Rødvin;Bod. Montecillo;Spania;Rioja;Tempranillo (Tinto de Toro) 100%;229,9;FALSE;8/29/2017 12:00:00 AM;http://www.vinmonopolet.no/vareutvalg/varedetaljer/sku-753601;;;
IngridAnders;b2f7b297-c3d5-42d5-b5a7-2809bcd5dcf6;Gunderloch Nackenheim Rothenberg Riesling GG 2011;instock;515801;2011;Hvitvin;Gunderloch;Tyskland;Rheinhessen;Riesling 100%;299,9;TRUE;02/01/2017 00:00;http://www.vinmonopolet.no/vareutvalg/varedetaljer/sku-515801;;;
IngridAnders;b31e29e0-d170-4e6d-8f87-e5f6758abdd6;Cavallotto Barolo Bricco Boschis 2011;instock;768401;2011;Rødvin;Cavallotto;Italia;Piemonte;Nebbiolo 100%;436;TRUE;5/19/2017 12:00:00 AM;http://www.vinmonopolet.no/vareutvalg/varedetaljer/sku-768401;;;
IngridAnders;b39892a9-169f-44f5-b135-11a0cfccb1dd;Wongraven Alleanza Langhe Rosso 2015/2016;archive;5312101;2016;Rødvin;Wongraven Wines;Italia;Piemonte;Barbera 52%, Dolcetto 36%, Nebbiolo 12%;159,9;FALSE;Feb-17;http://www.vinmonopolet.no/vareutvalg/varedetaljer/sku-5312101;;;Pizza
IngridAnders;b3f902f5-b493-4033-b77e-e4188aeff18b;Fürst Pur Mineral Silvaner Trocken 2015;instock;6986001;2015;Hvitvin;Rudolf Fürst;Tyskland;Franken;Silvaner 100%;179,9;FALSE;7/24/2017 12:00:00 AM;http://www.vinmonopolet.no/vareutvalg/varedetaljer/sku-6986001;;;
IngridAnders;b41d30e1-7f79-4cf3-b043-aef22a742607;Coto de Imaz Reserva 2010;instock;631301;2010;Rødvin;El Coto de Rioja;Spania;Rioja;Tempranillo 100%;159,5;FALSE;01/01/2017 00:00;http://www.vinmonopolet.no/vareutvalg/varedetaljer/sku-631301;;;
IngridAnders;b634c346-5c73-46fc-9808-fc1dc55c0b0f;Dom Perignon Brut 2006;instock;232101;2006;Champagne;Moët & Chandon;Frankrike;Champagne;Chardonnay, Pinot Meunier, Pinot Noir;1249,9;FALSE;8/29/2017 12:00:00 AM;http://www.vinmonopolet.no/vareutvalg/varedetaljer/sku-232101;;;
IngridAnders;b6e22289-5990-4f8c-a96f-298b5bda6b7e;Couly-Dutheil La Diligence Chinon 2015;archive;6967801;2015;Rødvin;Couly-Dutheil;Frankrike;Loire;Cabernet Franc 100%;186,2;FALSE;8/13/2017 12:00:00 AM;http://www.vinmonopolet.no/vareutvalg/varedetaljer/sku-6967801;8/13/2017 12:00:00 AM;Grønn paprika, mørke bær ;Til kjøttmiddag
IngridAnders;b820c763-56dc-4451-950f-4b9c03c1c2aa;Ch. Malescasse 2003;instock;7274901;2003;Rødvin;Ch. Malescasse;Frankrike;Bordeaux;Cabernet Sauvignon 56%, Merlot 30%, Cabernet Franc 10%, Petit Verdot 4%;220;FALSE;5/23/2017 12:00:00 AM;http://www.vinmonopolet.no/vareutvalg/varedetaljer/sku-7274901;;;
IngridAnders;bda32676-12e3-4cdb-941f-21ce23c5cd9a;La Motte Savignon blanc;instock;;2015;Hvitvin;La Motte Cellars;Sør-Afrika;Western Cape;Savignon Blanc;149;FALSE;7/16/2017 12:00:00 AM;;;;
IngridAnders;bf56968e-728b-4470-a889-f860c00a5452;Cavallotto Barolo Bricco Boschis 2011;instock;768401;2011;Rødvin;Cavallotto;Italia;Piemonte;Nebbiolo 100%;436;FALSE;5/19/2017 12:00:00 AM;http://www.vinmonopolet.no/vareutvalg/varedetaljer/sku-768401;;;
IngridAnders;bfa97fd4-1784-4c0f-865a-685d45188b58;Moët & Chandon Impérial Brut;archive;89501;;Champagne;Moët & Chandon;Frankrike;Champagne;Chardonnay, Pinot Noir, Pinot Meunier;399,9;FALSE;01/01/2017 00:00;http://www.vinmonopolet.no/vareutvalg/varedetaljer/sku-89501;7/16/2017 12:00:00 AM;;Gave Christian og Mia
IngridAnders;c0568f67-bdc4-417b-90cc-13b0e239258f;Grand Mouton Extra Brut;archive;;;Musserende vin;Louis Métaireau;Frankrike;Loire;Melon de Bourgogne 100%;162;FALSE;06/04/2017 00:00;;06/12/2017 00:00;Flott syre, litt kremete;Kamskjell med spinatrisotto
IngridAnders;c2b8c685-8632-4eb9-96a7-db8b052c5d98;Nicolas Feuillatte, Brut;archive;3951301;;Champagne;Nicolas Feuillatte;Frankrike;Champagne;Pinot Noir 40%, Pinot Meunier 40%, Chardonnay 20%;355;FALSE;;http://www.vinmonopolet.no/vareutvalg/varedetaljer/sku-3951301;;;Champagnesmaking
IngridAnders;cc3e7b0f-0a7e-492a-ba34-a4f3cc2f1dae;Muscadet Sevret et Main 2010;instock;;2010;Hvitvin;Louis Métaireau;Frankrike;Loire;Melon de Bourgogne 100%;187;TRUE;06/04/2017 00:00;;;;
IngridAnders;cef00cff-0ca9-4f7b-909e-f03adcf951d9;Markus Molitor Zeltinger Sonnenuhr Riesling Spätlese 2015;archive;7265401;2015;Hvitvin;Weing. Markus Molitor;Tyskland;Mosel;Riesling 100%;219,9;FALSE;03/01/2017 00:00;http://www.vinmonopolet.no/vareutvalg/varedetaljer/sku-7265401;06/09/2017 00:00;Ikke veldig søt, kan fungere til asiatisk. God kosevin også;Til comte og blåmugg
IngridAnders;cef72564-836b-4d4e-acfd-4e19cac59384;Delorme Cremant de Bourgogne Blanc de Noirs Brut 2015;instock;9099801;2015;Musserende vin;Andre Delorme;Frankrike;Burgund;Pinot Noir 100%;167,9;FALSE;7/16/2017 12:00:00 AM;http://www.vinmonopolet.no/vareutvalg/varedetaljer/sku-9099801;;;
IngridAnders;cf09271c-1358-420b-85f5-8f967547468a;Boon Oude Geuze;archive;9292202;;Surøl;Palm Breweries NV;Belgia;Øvrige;Malt, hvete.;59,9;FALSE;5/23/2017 12:00:00 AM;http://www.vinmonopolet.no/vareutvalg/varedetaljer/sku-9292202;06/09/2017 00:00;God. Burde lagre noen av denne;
IngridAnders;cf8a04e8-3b84-4951-a9f7-62cb9e3d7629;Ch. Cantemerle 2012;instock;1946201;2012;Rødvin;Ch. Cantemerle;Frankrike;Bordeaux;Cabernet Sauvignon 56%, Merlot 36%, Petit Verdot 6%, Cabernet Franc 2%;359;TRUE;01/01/2017 00:00;http://www.vinmonopolet.no/vareutvalg/varedetaljer/sku-1946201;;;
IngridAnders;d064491e-6a1d-4abf-8f2c-74478522e0e7;Guigal Crozes Hermitage 2013;instock;4582301;2013;Rødvin;E. Guigal;Frankrike;Rhône Nord;Syrah 100%;232;TRUE;04/01/2017 00:00;http://www.vinmonopolet.no/vareutvalg/varedetaljer/sku-4582301;;;
IngridAnders;d1340481-be0b-4fb3-929c-9f73e97b38e3;Trimbach Gewurztraminer 2014;archive;789301;2014;Hvitvin;F.E. Trimbach;Frankrike;Alsace;Gewürztraminer 100%;184,9;FALSE;Apr-17;http://www.vinmonopolet.no/vareutvalg/varedetaljer/sku-789301;05/12/2017 00:00;;
IngridAnders;d54e5faf-fae5-472e-909f-07b591b5403e;Ch. Coutet 2012;archive;5168501;2012;Rødvin;Ch. Coutet;Frankrike;Bordeaux;Merlot 60%, Cabernet Sauvignon 30%, Cabernet Franc 5%, Malbec 5%;249,9;FALSE;Sep-16;http://www.vinmonopolet.no/vareutvalg/varedetaljer/sku-5168501;5/14/2017 12:00:00 AM;;
IngridAnders;d5aaae46-0280-4ac3-81c0-007ca8ca1a97;Guy Saget Sancerre Rosé;archive;2234101;2014;Rosévin;Guy Saget;Frankrike;Loire;Pinot Noir 100%;210;FALSE;Jun-16;http://www.vinmonopolet.no/vareutvalg/varedetaljer/sku-2234101;;;Aperitif
IngridAnders;d68f40bd-7335-409e-8603-f8e1723886bb;Markus Molitor Zeltinger Sonnenuhr Riesling Spätlese 2015;instock;7265401;2015;Hvitvin;Weing. Markus Molitor;Tyskland;Mosel;Riesling 100%;219,9;FALSE;03/01/2017 00:00;http://www.vinmonopolet.no/vareutvalg/varedetaljer/sku-7265401;;;
IngridAnders;d7563b26-900c-4cd4-b82e-d2b72d44a81b;Henriot Brut Souverain;instock;5701001;;Champagne;Henriot;Frankrike;Champagne;Pinot Noir 60%, Chardonnay 40%;379,9;FALSE;7/16/2017 12:00:00 AM;http://www.vinmonopolet.no/vareutvalg/varedetaljer/sku-5701001;;;
IngridAnders;d83afe78-e516-46cb-8631-810dc0e565c2;J. Laurens Les Graimenous Crémant de Limoux 2014;archive;5219701;2014;Musserende vin;J. Laurens;Frankrike;Languedoc-Roussillon;Chardonnay, Pinot Noir, Mauzac, Chenin Blanc;155;FALSE;;http://www.vinmonopolet.no/vareutvalg/varedetaljer/sku-5219701;;;Helgekos
IngridAnders;d8bdb1df-1c58-4aa1-b995-95faebf202dc;Vajra Barolo Albe 2011;archive;4493001;2011;Rødvin;G.D. Vajra;Italia;Piemonte;Nebbiolo 100%;324,9;FALSE;;http://www.vinmonopolet.no/vareutvalg/varedetaljer/sku-4493001;;;Gave m&p
IngridAnders;d8cd494e-1d74-4b06-b734-9e85a840aba5;Coto de Gomariz The Flower and the Bee Ribeiro Sousón 2013;archive;1978701;2013;Rødvin;Coto de Gomariz;Spania;Galicia;Sousão 100%;175,4;FALSE;;http://www.vinmonopolet.no/vareutvalg/varedetaljer/sku-1978701;;;Lasagne
IngridAnders;da233539-76ce-4569-9bb5-2539d75988b3;Montecillo Gran Reserva 2008;instock;753601;2008;Rødvin;Bod. Montecillo;Spania;Rioja;Tempranillo (Tinto de Toro) 100%;229,9;FALSE;8/29/2017 12:00:00 AM;http://www.vinmonopolet.no/vareutvalg/varedetaljer/sku-753601;;;
IngridAnders;de10296b-211a-46f7-88a7-0c9f099d0a27;Loimer Brut Rosé;archive;7324501;;Musserende vin;Weing. Loimer;Østerrike;Niederösterreich;Zweigelt 58%, Pinot Noir 35%, Chardonnay 7%;239;FALSE;05/12/2017 00:00;http://www.vinmonopolet.no/vareutvalg/varedetaljer/sku-7324501;5/18/2017 12:00:00 AM;;
IngridAnders;e03f19ac-8dfd-45b7-a886-6c1c39fb50b5;Pol Roger 2008 Brut;instock;256101;2008;Champagne;Pol Roger;Frankrike;Champagne;Pinot Noir 60%, Chardonnay 40%;489;TRUE;03/01/2017 00:00;http://www.vinmonopolet.no/vareutvalg/varedetaljer/sku-256101;;;
IngridAnders;e33a4e71-60a6-4a81-9c41-b2306d0c510a;Veuve Clicquot Vintage Reserve 2008, Brut;instock;3102101;2008;Champagne;Veuve Clicquot Ponsardin;Frankrike;Champagne;Pinot Noir 56%, Chardonnay 33%, Pinot Meunier 11%;579,9;TRUE;6/21/2017 12:00:00 AM;http://www.vinmonopolet.no/vareutvalg/varedetaljer/sku-3102101;;;
IngridAnders;e477d125-2e40-4f70-a8c6-311af2333436;Cavallotto Barolo Bricco Boschis 2011;instock;768401;2011;Rødvin;Cavallotto;Italia;Piemonte;Nebbiolo 100%;436;TRUE;5/19/2017 12:00:00 AM;http://www.vinmonopolet.no/vareutvalg/varedetaljer/sku-768401;;;
IngridAnders;e4865050-bc31-4085-a926-f6f8b80849e7;Dom. Bergeron Les Labourons Fleurie 2015;shoppinglist;7623101;2015;Rødvin;Domaine Bergeron;Frankrike;Burgund;Gamay 100%;184;FALSE;5/31/2017 12:00:00 AM;http://www.vinmonopolet.no/vareutvalg/varedetaljer/sku-7623101;;;
IngridAnders;eb047b76-c6ed-496e-921b-19103928ad89;Coto de Imaz Gran Reserva 2008;instock;3368701;2008;Rødvin;El Coto de Rioja;Spania;Rioja;Tempranillo (Tinto de Toro) 100%;239,9;FALSE;8/29/2017 12:00:00 AM;http://www.vinmonopolet.no/vareutvalg/varedetaljer/sku-3368701;;;
IngridAnders;ef61fd4b-e75a-4dbb-904b-028899239d7e;Fernando de Castilla Fino;instock;4224501;;Sherry;Bod. Rey Fernando de Castilla;Spania;Øvrige;;199,9;FALSE;7/16/2017 12:00:00 AM;http://www.vinmonopolet.no/vareutvalg/varedetaljer/sku-4224501;;;
IngridAnders;effd0beb-4695-443e-91af-ecc9f2d8e04e;Le Fief Seigneur Muscadet Sèvre et Maine Sur Lie 2015;archive;7434701;2015;Hvitvin;Vincent Caillé;Frankrike;Loire;Muscadet (Melon de Bourgogne) 100%;149,8;FALSE;5/23/2017 12:00:00 AM;http://www.vinmonopolet.no/vareutvalg/varedetaljer/sku-7434701;06/09/2017 00:00;Mild hvitvin. Godt kjøp;Reker
IngridAnders;f165f016-2138-402e-b2dc-c27ce2d7b661;Protos Reserva 2009;archive;5536201;2009;Rødvin;Bod. Protos;Spania;Castilla y León;Tempranillo 100%;299,9;FALSE;;http://www.vinmonopolet.no/vareutvalg/varedetaljer/sku-5536201;;;Gave mamma
IngridAnders;f39b7b5a-518b-45d1-b81e-428300881194;Cline Sonoma Coast Pinot Noir 2015;instock;3569501;2015;Rødvin;Cline;USA;California;Pinot Noir 100%;179,9;FALSE;04/01/2017 00:00;http://www.vinmonopolet.no/vareutvalg/varedetaljer/sku-3569501;;;
IngridAnders;fa822924-d7b8-4f8d-a6da-e5ff718699fc;Nirvasco Barolo;archive;;2011;Rødvin;Bersano;Italia;Barolo  Piemonte;Nebbiolo;279;FALSE;;;;;Helgekos
IngridAnders;fba77299-b75e-4a24-83c3-2e7836d76d81;Fratelli Berlucchi Casa delle Colonne Franciacorta Brut Riserva;archive;3817701;2010;Musserende vin;F.lli Berlucchi;Italia;Lombardia;Chardonnay 90%, Pinot Nero 10%;209,9;FALSE;;http://www.vinmonopolet.no/vareutvalg/varedetaljer/sku-3817701;;;Nyttårsaften
IngridAnders;fbb152c9-cfe4-4afc-88fa-08865e4a3e18;Louis Jadot Bourgogne Couvent des Jacobins Rouge 2014;archive;3171201;2014;Rødvin;Maison Louis Jadot;Frankrike;Burgund;Pinot Noir 100%;184,9;FALSE;;http://www.vinmonopolet.no/vareutvalg/varedetaljer/sku-3171201;;;Torsk
IngridAnders;fd0b985c-4bbe-4501-ba59-dc9409cb6f5a;Carrascal 2010;archive;3240401;2010;Rødvin;Bod. y Cavas de Weinert;Argentina;Mendoza;Malbec 40%, Cabernet Sauvignon 40%, Merlot 20%;159,9;FALSE;5/31/2017 12:00:00 AM;http://www.vinmonopolet.no/vareutvalg/varedetaljer/sku-3240401;8/23/2017 12:00:00 AM;Likner bordeaux, godt kjøp;Biff
IngridAnders;fe62cfae-73e0-4e9b-97bf-1e4bb5b31bb3;Alodia Orache 2014;archive;2034101;2014;Rødvin;Bod. Alodia;Spania;Somontano;Moristel 70%, Syrah 30%;109,9;FALSE;;http://www.vinmonopolet.no/vareutvalg/varedetaljer/sku-2034101;;;Helgekos
IngridAnders;fe879c3a-5ca7-45ee-af08-52a3c5d3c026;Ch. Cantemerle 2012;instock;1946201;2012;Rødvin;Ch. Cantemerle;Frankrike;Bordeaux;Cabernet Sauvignon 56%, Merlot 36%, Petit Verdot 6%, Cabernet Franc 2%;359;TRUE;01/01/2017 00:00;http://www.vinmonopolet.no/vareutvalg/varedetaljer/sku-1946201;;;
IngridAndersTest;90202572-49e3-403e-98c5-073335924428;A.A. Badenhorst Shir,Cins,T Barocca,Gren,Mourv 2014;archive;1695801;2014;Rødvin;A.A. Badenhorst Family Wines;Sør-Afrika;Coastal Region;Shiraz 75%, Cinsault 12%, Tinta Barroca 7%, Grenache 3%, Mourvèdre 3%;269,9;TRUE;06/06/2017 00:00;http://www.vinmonopolet.no/vareutvalg/varedetaljer/sku-1695801;06/06/2017 00:00;asd;asd